{"meta": {"version": "6.0.2", "timestamp": "2021-10-19T16:30:01.200372", "branch_coverage": false, "show_contexts": false}, "files": {"BusFactor.py": {"executed_lines": [1, 3, 4, 6, 7, 9, 11, 12, 15, 16, 17, 18, 21, 24, 25, 26, 27, 29, 30, 32, 33, 34, 35, 36, 40, 41, 43, 44, 45, 46, 47, 49, 50, 51, 52, 53, 55, 56, 58, 59, 60, 62, 63, 65, 68, 71, 73, 75, 76, 77, 78, 79, 80, 81, 84, 85, 87, 91, 92, 95, 96, 97, 98, 99, 100, 101, 102, 104, 108, 109, 114, 121, 122, 123, 124, 125, 130, 131, 132, 133, 134, 135, 136, 137, 138], "summary": {"covered_lines": 85, "num_statements": 91, "percent_covered": 93.4065934065934, "percent_covered_display": "93", "missing_lines": 6, "excluded_lines": 0}, "missing_lines": [88, 89, 115, 116, 117, 118], "excluded_lines": []}, "Contributor.py": {"executed_lines": [1, 2, 3, 4, 5, 6, 7, 8, 10, 13, 14, 15, 16], "summary": {"covered_lines": 13, "num_statements": 14, "percent_covered": 92.85714285714286, "percent_covered_display": "93", "missing_lines": 1, "excluded_lines": 0}, "missing_lines": [11], "excluded_lines": []}, "Correctness.py": {"executed_lines": [1, 2, 3, 4, 6, 7, 10, 11, 12, 13, 14, 15, 16, 17, 18, 19, 21, 22, 23, 24, 48, 64, 78, 96, 104, 117, 150, 151, 152, 156, 157, 158, 159, 160, 161, 162, 164], "summary": {"covered_lines": 37, "num_statements": 132, "percent_covered": 28.03030303030303, "percent_covered_display": "28", "missing_lines": 95, "excluded_lines": 0}, "missing_lines": [27, 28, 29, 32, 33, 36, 37, 38, 40, 41, 43, 44, 46, 49, 50, 51, 52, 54, 55, 56, 57, 58, 59, 61, 62, 65, 66, 67, 68, 70, 71, 72, 73, 75, 76, 79, 80, 81, 82, 84, 85, 87, 88, 89, 90, 91, 93, 94, 97, 99, 101, 102, 105, 106, 107, 108, 109, 110, 111, 112, 114, 115, 118, 119, 120, 121, 122, 123, 124, 125, 126, 127, 128, 129, 130, 131, 132, 133, 134, 135, 136, 137, 138, 139, 140, 141, 142, 143, 145, 147, 153, 154, 165, 166, 167], "excluded_lines": []}, "GithubHelper.py": {"executed_lines": [1, 2, 3, 5, 6, 8, 10, 12, 14, 15, 17, 18, 22, 23, 27, 28, 29, 30, 31, 32, 33, 34, 35, 36, 37, 38, 39, 40, 41, 42, 45, 49, 50, 51, 52, 53, 54, 55, 56, 57, 62, 63, 64, 65, 66, 71, 72, 73, 74, 75, 80, 81, 82, 83, 99, 100, 101, 102, 108, 109, 110, 112, 113, 114, 115, 116, 118, 123, 124, 125, 126, 129, 137, 138, 139, 140, 175, 176, 177, 178, 184, 185, 186, 187, 192, 202, 203, 204, 205, 220, 221, 222, 223, 237, 238, 239, 240, 241, 244, 245, 259, 260, 262, 263, 264, 265], "summary": {"covered_lines": 106, "num_statements": 114, "percent_covered": 92.98245614035088, "percent_covered_display": "93", "missing_lines": 8, "excluded_lines": 0}, "missing_lines": [44, 130, 131, 132, 193, 194, 195, 242], "excluded_lines": []}, "IOUtil.py": {"executed_lines": [1, 2, 7, 8, 12, 13, 14, 15, 17, 18, 22, 23, 24, 25, 28, 29, 33, 34, 37, 38, 39, 40, 41, 45, 46, 47, 49, 50, 51, 54, 56, 58, 60, 61, 63], "summary": {"covered_lines": 35, "num_statements": 35, "percent_covered": 100.0, "percent_covered_display": "100", "missing_lines": 0, "excluded_lines": 0}, "missing_lines": [], "excluded_lines": []}, "License.py": {"executed_lines": [1, 2, 4, 5, 8, 9, 10, 11, 12, 13, 14, 16, 17, 19, 20, 22, 23, 25, 26, 28, 31, 32, 33, 35, 36, 38, 39, 41, 42, 43, 44, 45, 46, 50, 51, 52, 55, 56, 71, 72, 73, 77, 78, 79, 80, 82], "summary": {"covered_lines": 46, "num_statements": 76, "percent_covered": 60.526315789473685, "percent_covered_display": "61", "missing_lines": 30, "excluded_lines": 0}, "missing_lines": [29, 48, 53, 57, 58, 59, 60, 61, 62, 63, 64, 65, 66, 68, 74, 75, 83, 84, 85, 86, 87, 88, 89, 90, 91, 92, 93, 94, 95, 96], "excluded_lines": []}, "Main.py": {"executed_lines": [1, 2, 3, 5, 6, 7, 8, 9, 10, 11, 12, 13, 14, 16, 17, 20, 21, 22, 23, 24, 25, 26, 27, 30, 31, 32, 33, 34, 35, 37, 38, 39, 41, 44, 45, 46, 47, 48, 51, 52, 54, 60], "summary": {"covered_lines": 42, "num_statements": 50, "percent_covered": 84.0, "percent_covered_display": "84", "missing_lines": 8, "excluded_lines": 0}, "missing_lines": [56, 57, 61, 62, 64, 65, 67, 68], "excluded_lines": []}, "Metric.py": {"executed_lines": [1, 2, 3, 4, 5, 6], "summary": {"covered_lines": 6, "num_statements": 6, "percent_covered": 100.0, "percent_covered_display": "100", "missing_lines": 0, "excluded_lines": 0}, "missing_lines": [], "excluded_lines": []}, "Module.py": {"executed_lines": [1, 3, 5, 6, 9, 10, 11, 12, 13, 14, 15, 16, 17, 18, 19, 20, 21, 23, 24, 25, 26, 27, 28, 30, 31, 35, 36, 37, 38, 39, 40, 41, 43, 44, 45, 46, 47, 48, 49, 51, 53, 55, 56, 57, 58, 61, 62], "summary": {"covered_lines": 47, "num_statements": 47, "percent_covered": 100.0, "percent_covered_display": "100", "missing_lines": 0, "excluded_lines": 0}, "missing_lines": [], "excluded_lines": []}, "ModuleHelper.py": {"executed_lines": [1, 2, 4, 5, 8, 9, 10, 11, 12, 13], "summary": {"covered_lines": 10, "num_statements": 10, "percent_covered": 100.0, "percent_covered_display": "100", "missing_lines": 0, "excluded_lines": 0}, "missing_lines": [], "excluded_lines": []}, "Popularity.py": {"executed_lines": [1, 2, 3, 5, 6, 8, 9, 10, 11, 12, 15, 16, 17, 18, 19, 20, 21, 22, 23, 24, 26, 27, 28, 29, 30, 31, 32, 34, 35, 37, 39, 40, 42, 43, 45, 46, 48, 49, 51, 52, 53, 55, 56, 59, 62, 64, 66, 68, 69, 71, 72, 74, 75, 77, 78, 80, 81, 83, 84, 86, 87, 88, 90, 91, 92, 93, 96, 97, 99, 106], "summary": {"covered_lines": 70, "num_statements": 72, "percent_covered": 97.22222222222223, "percent_covered_display": "97", "missing_lines": 2, "excluded_lines": 0}, "missing_lines": [98, 100], "excluded_lines": []}, "RampUp.py": {"executed_lines": [1, 2, 3, 4, 6, 7, 9, 11, 12, 15, 16, 17, 18, 19, 20, 21, 23, 25, 26, 33, 36, 37, 40, 41, 44, 45, 48, 49, 51, 52, 54, 56, 58, 60, 61, 63, 65, 67, 70, 71, 73, 75, 77, 80, 83, 84, 85, 86, 88, 89, 90, 91, 92, 93, 95, 98, 99, 100, 101, 102, 104], "summary": {"covered_lines": 61, "num_statements": 62, "percent_covered": 98.38709677419355, "percent_covered_display": "98", "missing_lines": 1, "excluded_lines": 0}, "missing_lines": [96], "excluded_lines": []}, "Responsiveness.py": {"executed_lines": [1, 3, 5, 6, 9, 10, 11, 12, 13, 14, 15, 16, 17, 18, 19, 20, 22, 23, 25, 26, 27, 28, 30, 31, 33, 34, 38, 39, 41, 42, 45, 46, 48, 49, 52, 53, 54, 55, 56, 57, 58, 60, 62, 63, 66, 67, 68, 69, 70, 71, 72, 76, 78, 79, 80], "summary": {"covered_lines": 55, "num_statements": 59, "percent_covered": 93.22033898305085, "percent_covered_display": "93", "missing_lines": 4, "excluded_lines": 0}, "missing_lines": [35, 36, 43, 74], "excluded_lines": []}, "Users.py": {"executed_lines": [1, 2, 5, 7, 8, 9, 11, 12, 13, 15, 16, 18, 19], "summary": {"covered_lines": 13, "num_statements": 14, "percent_covered": 92.85714285714286, "percent_covered_display": "93", "missing_lines": 1, "excluded_lines": 0}, "missing_lines": [10], "excluded_lines": []}, "Util.py": {"executed_lines": [1, 2, 8, 9, 10, 11, 12, 16, 17, 18, 19], "summary": {"covered_lines": 11, "num_statements": 11, "percent_covered": 100.0, "percent_covered_display": "100", "missing_lines": 0, "excluded_lines": 0}, "missing_lines": [], "excluded_lines": []}, "testing/test_general.py": {"executed_lines": [1, 2, 4, 6, 7, 8, 9, 10, 11, 12, 13, 14, 15, 16, 17, 18, 19, 20, 21, 22, 23, 24, 25, 26, 30, 31, 32, 36, 37, 42, 43, 47, 48, 52, 53, 57, 58, 59, 74, 75, 81, 82, 85, 91, 92, 102, 103, 104, 105, 107, 109, 112, 113, 114, 115, 117, 119, 123, 124, 125, 130, 131, 132, 140, 141, 149, 150, 158, 160, 161, 179, 181, 182, 200, 201, 205, 206, 210, 211, 215, 216, 217, 221, 222, 223, 227, 228, 229, 237, 238, 239, 248, 249, 250, 251, 257, 258, 259, 260, 266, 267, 268, 269, 270, 285, 286, 287, 288, 289, 304], "summary": {"covered_lines": 110, "num_statements": 196, "percent_covered": 56.12244897959184, "percent_covered_display": "56", "missing_lines": 86, "excluded_lines": 0},